/*
SQLyog Ultimate v11.33 (64 bit)
MySQL - 5.7.17-log : Database - looyoodb
*********************************************************************
*/

/*!40101 SET NAMES utf8 */;

/*!40101 SET SQL_MODE=''*/;

/*!40014 SET @OLD_UNIQUE_CHECKS=@@UNIQUE_CHECKS, UNIQUE_CHECKS=0 */;
/*!40014 SET @OLD_FOREIGN_KEY_CHECKS=@@FOREIGN_KEY_CHECKS, FOREIGN_KEY_CHECKS=0 */;
/*!40101 SET @OLD_SQL_MODE=@@SQL_MODE, SQL_MODE='NO_AUTO_VALUE_ON_ZERO' */;
/*!40111 SET @OLD_SQL_NOTES=@@SQL_NOTES, SQL_NOTES=0 */;
/*Table structure for table `qrtz_blob_triggers` */

DROP TABLE IF EXISTS `qrtz_blob_triggers`;

CREATE TABLE `qrtz_blob_triggers` (
  `SCHED_NAME` varchar(120) NOT NULL,
  `TRIGGER_NAME` varchar(200) NOT NULL,
  `TRIGGER_GROUP` varchar(200) NOT NULL,
  `BLOB_DATA` blob,
  PRIMARY KEY (`SCHED_NAME`,`TRIGGER_NAME`,`TRIGGER_GROUP`),
  KEY `SCHED_NAME` (`SCHED_NAME`,`TRIGGER_NAME`,`TRIGGER_GROUP`),
  CONSTRAINT `qrtz_blob_triggers_ibfk_1` FOREIGN KEY (`SCHED_NAME`, `TRIGGER_NAME`, `TRIGGER_GROUP`) REFERENCES `qrtz_triggers` (`SCHED_NAME`, `TRIGGER_NAME`, `TRIGGER_GROUP`)
) ENGINE=InnoDB DEFAULT CHARSET=utf8;

/*Data for the table `qrtz_blob_triggers` */

/*Table structure for table `qrtz_calendars` */

DROP TABLE IF EXISTS `qrtz_calendars`;

CREATE TABLE `qrtz_calendars` (
  `SCHED_NAME` varchar(120) NOT NULL,
  `CALENDAR_NAME` varchar(200) NOT NULL,
  `CALENDAR` blob NOT NULL,
  PRIMARY KEY (`SCHED_NAME`,`CALENDAR_NAME`)
) ENGINE=InnoDB DEFAULT CHARSET=utf8;

/*Data for the table `qrtz_calendars` */

/*Table structure for table `qrtz_cron_triggers` */

DROP TABLE IF EXISTS `qrtz_cron_triggers`;

CREATE TABLE `qrtz_cron_triggers` (
  `SCHED_NAME` varchar(120) NOT NULL,
  `TRIGGER_NAME` varchar(200) NOT NULL,
  `TRIGGER_GROUP` varchar(200) NOT NULL,
  `CRON_EXPRESSION` varchar(120) NOT NULL,
  `TIME_ZONE_ID` varchar(80) DEFAULT NULL,
  PRIMARY KEY (`SCHED_NAME`,`TRIGGER_NAME`,`TRIGGER_GROUP`),
  CONSTRAINT `qrtz_cron_triggers_ibfk_1` FOREIGN KEY (`SCHED_NAME`, `TRIGGER_NAME`, `TRIGGER_GROUP`) REFERENCES `qrtz_triggers` (`SCHED_NAME`, `TRIGGER_NAME`, `TRIGGER_GROUP`)
) ENGINE=InnoDB DEFAULT CHARSET=utf8;

/*Data for the table `qrtz_cron_triggers` */

insert  into `qrtz_cron_triggers`(`SCHED_NAME`,`TRIGGER_NAME`,`TRIGGER_GROUP`,`CRON_EXPRESSION`,`TIME_ZONE_ID`) values ('looyooScheduler','TASK_5','DEFAULT','0 0/30 * * * ?','Asia/Shanghai');

/*Table structure for table `qrtz_fired_triggers` */

DROP TABLE IF EXISTS `qrtz_fired_triggers`;

CREATE TABLE `qrtz_fired_triggers` (
  `SCHED_NAME` varchar(120) NOT NULL,
  `ENTRY_ID` varchar(95) NOT NULL,
  `TRIGGER_NAME` varchar(200) NOT NULL,
  `TRIGGER_GROUP` varchar(200) NOT NULL,
  `INSTANCE_NAME` varchar(200) NOT NULL,
  `FIRED_TIME` bigint(13) NOT NULL,
  `SCHED_TIME` bigint(13) NOT NULL,
  `PRIORITY` int(11) NOT NULL,
  `STATE` varchar(16) NOT NULL,
  `JOB_NAME` varchar(200) DEFAULT NULL,
  `JOB_GROUP` varchar(200) DEFAULT NULL,
  `IS_NONCONCURRENT` varchar(1) DEFAULT NULL,
  `REQUESTS_RECOVERY` varchar(1) DEFAULT NULL,
  PRIMARY KEY (`SCHED_NAME`,`ENTRY_ID`),
  KEY `IDX_QRTZ_FT_TRIG_INST_NAME` (`SCHED_NAME`,`INSTANCE_NAME`),
  KEY `IDX_QRTZ_FT_INST_JOB_REQ_RCVRY` (`SCHED_NAME`,`INSTANCE_NAME`,`REQUESTS_RECOVERY`),
  KEY `IDX_QRTZ_FT_J_G` (`SCHED_NAME`,`JOB_NAME`,`JOB_GROUP`),
  KEY `IDX_QRTZ_FT_JG` (`SCHED_NAME`,`JOB_GROUP`),
  KEY `IDX_QRTZ_FT_T_G` (`SCHED_NAME`,`TRIGGER_NAME`,`TRIGGER_GROUP`),
  KEY `IDX_QRTZ_FT_TG` (`SCHED_NAME`,`TRIGGER_GROUP`)
) ENGINE=InnoDB DEFAULT CHARSET=utf8;

/*Data for the table `qrtz_fired_triggers` */

/*Table structure for table `qrtz_job_details` */

DROP TABLE IF EXISTS `qrtz_job_details`;

CREATE TABLE `qrtz_job_details` (
  `SCHED_NAME` varchar(120) NOT NULL,
  `JOB_NAME` varchar(200) NOT NULL,
  `JOB_GROUP` varchar(200) NOT NULL,
  `DESCRIPTION` varchar(250) DEFAULT NULL,
  `JOB_CLASS_NAME` varchar(250) NOT NULL,
  `IS_DURABLE` varchar(1) NOT NULL,
  `IS_NONCONCURRENT` varchar(1) NOT NULL,
  `IS_UPDATE_DATA` varchar(1) NOT NULL,
  `REQUESTS_RECOVERY` varchar(1) NOT NULL,
  `JOB_DATA` blob,
  PRIMARY KEY (`SCHED_NAME`,`JOB_NAME`,`JOB_GROUP`),
  KEY `IDX_QRTZ_J_REQ_RECOVERY` (`SCHED_NAME`,`REQUESTS_RECOVERY`),
  KEY `IDX_QRTZ_J_GRP` (`SCHED_NAME`,`JOB_GROUP`)
) ENGINE=InnoDB DEFAULT CHARSET=utf8;

/*Data for the table `qrtz_job_details` */

insert  into `qrtz_job_details`(`SCHED_NAME`,`JOB_NAME`,`JOB_GROUP`,`DESCRIPTION`,`JOB_CLASS_NAME`,`IS_DURABLE`,`IS_NONCONCURRENT`,`IS_UPDATE_DATA`,`REQUESTS_RECOVERY`,`JOB_DATA`) values ('looyooScheduler','TASK_5','DEFAULT',NULL,'io.looyoo.sys.schedule.util.ScheduleJobBean','0','0','0','0','¨Ì\0sr\0org.quartz.JobDataMapü∞ÉËø©∞À\0\0xr\0&org.quartz.utils.StringKeyDirtyFlagMapÇË√˚≈](\0Z\0allowsTransientDataxr\0org.quartz.utils.DirtyFlagMapÊ.≠(v\nŒ\0Z\0dirtyL\0mapt\0Ljava/util/Map;xpsr\0java.util.HashMap⁄¡√`—\0F\0\nloadFactorI\0	thresholdxp?@\0\0\0\0\0w\0\0\0\0\0\0t\0\rJOB_PARAM_KEYsr\0/io.looyoo.sys.schedule.entity.ScheduleJobEntity\0\0\0\0\0\0\0\0L\0beanNamet\0Ljava/lang/String;L\0\ncreateTimet\0Ljava/util/Date;L\0cronExpressionq\0~\0	L\0jobIdt\0Ljava/lang/Long;L\0\nmethodNameq\0~\0	L\0paramsq\0~\0	L\0remarkq\0~\0	L\0statust\0Ljava/lang/Integer;xr\0+com.baomidou.mybatisplus.activerecord.Model\0\0\0\0\0\0\0\0\0xpt\0testTasksr\0java.util.DatehjÅKYt\0\0xpw\0\0bo◊`âxt\00 0/30 * * * ?sr\0java.lang.Long;ã‰êÃè#ﬂ\0J\0valuexr\0java.lang.NumberÜ¨ïî‡ã\0\0xp\0\0\0\0\0\0\0t\0testt\0	‰Ω†Â•ΩÂïät\0	‰Ω†Â•ΩÂïäsr\0java.lang.Integer‚†§˜Åá8\0I\0valuexq\0~\0\0\0\0\0x\0');

/*Table structure for table `qrtz_locks` */

DROP TABLE IF EXISTS `qrtz_locks`;

CREATE TABLE `qrtz_locks` (
  `SCHED_NAME` varchar(120) NOT NULL,
  `LOCK_NAME` varchar(40) NOT NULL,
  PRIMARY KEY (`SCHED_NAME`,`LOCK_NAME`)
) ENGINE=InnoDB DEFAULT CHARSET=utf8;

/*Data for the table `qrtz_locks` */

insert  into `qrtz_locks`(`SCHED_NAME`,`LOCK_NAME`) values ('looyooScheduler','STATE_ACCESS'),('looyooScheduler','TRIGGER_ACCESS');

/*Table structure for table `qrtz_paused_trigger_grps` */

DROP TABLE IF EXISTS `qrtz_paused_trigger_grps`;

CREATE TABLE `qrtz_paused_trigger_grps` (
  `SCHED_NAME` varchar(120) NOT NULL,
  `TRIGGER_GROUP` varchar(200) NOT NULL,
  PRIMARY KEY (`SCHED_NAME`,`TRIGGER_GROUP`)
) ENGINE=InnoDB DEFAULT CHARSET=utf8;

/*Data for the table `qrtz_paused_trigger_grps` */

/*Table structure for table `qrtz_scheduler_state` */

DROP TABLE IF EXISTS `qrtz_scheduler_state`;

CREATE TABLE `qrtz_scheduler_state` (
  `SCHED_NAME` varchar(120) NOT NULL,
  `INSTANCE_NAME` varchar(200) NOT NULL,
  `LAST_CHECKIN_TIME` bigint(13) NOT NULL,
  `CHECKIN_INTERVAL` bigint(13) NOT NULL,
  PRIMARY KEY (`SCHED_NAME`,`INSTANCE_NAME`)
) ENGINE=InnoDB DEFAULT CHARSET=utf8;

/*Data for the table `qrtz_scheduler_state` */

insert  into `qrtz_scheduler_state`(`SCHED_NAME`,`INSTANCE_NAME`,`LAST_CHECKIN_TIME`,`CHECKIN_INTERVAL`) values ('looyooScheduler','DESKTOP-QNICUKN1531453383648',1531465694597,15000);

/*Table structure for table `qrtz_simple_triggers` */

DROP TABLE IF EXISTS `qrtz_simple_triggers`;

CREATE TABLE `qrtz_simple_triggers` (
  `SCHED_NAME` varchar(120) NOT NULL,
  `TRIGGER_NAME` varchar(200) NOT NULL,
  `TRIGGER_GROUP` varchar(200) NOT NULL,
  `REPEAT_COUNT` bigint(7) NOT NULL,
  `REPEAT_INTERVAL` bigint(12) NOT NULL,
  `TIMES_TRIGGERED` bigint(10) NOT NULL,
  PRIMARY KEY (`SCHED_NAME`,`TRIGGER_NAME`,`TRIGGER_GROUP`),
  CONSTRAINT `qrtz_simple_triggers_ibfk_1` FOREIGN KEY (`SCHED_NAME`, `TRIGGER_NAME`, `TRIGGER_GROUP`) REFERENCES `qrtz_triggers` (`SCHED_NAME`, `TRIGGER_NAME`, `TRIGGER_GROUP`)
) ENGINE=InnoDB DEFAULT CHARSET=utf8;

/*Data for the table `qrtz_simple_triggers` */

/*Table structure for table `qrtz_simprop_triggers` */

DROP TABLE IF EXISTS `qrtz_simprop_triggers`;

CREATE TABLE `qrtz_simprop_triggers` (
  `SCHED_NAME` varchar(120) NOT NULL,
  `TRIGGER_NAME` varchar(200) NOT NULL,
  `TRIGGER_GROUP` varchar(200) NOT NULL,
  `STR_PROP_1` varchar(512) DEFAULT NULL,
  `STR_PROP_2` varchar(512) DEFAULT NULL,
  `STR_PROP_3` varchar(512) DEFAULT NULL,
  `INT_PROP_1` int(11) DEFAULT NULL,
  `INT_PROP_2` int(11) DEFAULT NULL,
  `LONG_PROP_1` bigint(20) DEFAULT NULL,
  `LONG_PROP_2` bigint(20) DEFAULT NULL,
  `DEC_PROP_1` decimal(13,4) DEFAULT NULL,
  `DEC_PROP_2` decimal(13,4) DEFAULT NULL,
  `BOOL_PROP_1` varchar(1) DEFAULT NULL,
  `BOOL_PROP_2` varchar(1) DEFAULT NULL,
  PRIMARY KEY (`SCHED_NAME`,`TRIGGER_NAME`,`TRIGGER_GROUP`),
  CONSTRAINT `qrtz_simprop_triggers_ibfk_1` FOREIGN KEY (`SCHED_NAME`, `TRIGGER_NAME`, `TRIGGER_GROUP`) REFERENCES `qrtz_triggers` (`SCHED_NAME`, `TRIGGER_NAME`, `TRIGGER_GROUP`)
) ENGINE=InnoDB DEFAULT CHARSET=utf8;

/*Data for the table `qrtz_simprop_triggers` */

/*Table structure for table `qrtz_triggers` */

DROP TABLE IF EXISTS `qrtz_triggers`;

CREATE TABLE `qrtz_triggers` (
  `SCHED_NAME` varchar(120) NOT NULL,
  `TRIGGER_NAME` varchar(200) NOT NULL,
  `TRIGGER_GROUP` varchar(200) NOT NULL,
  `JOB_NAME` varchar(200) NOT NULL,
  `JOB_GROUP` varchar(200) NOT NULL,
  `DESCRIPTION` varchar(250) DEFAULT NULL,
  `NEXT_FIRE_TIME` bigint(13) DEFAULT NULL,
  `PREV_FIRE_TIME` bigint(13) DEFAULT NULL,
  `PRIORITY` int(11) DEFAULT NULL,
  `TRIGGER_STATE` varchar(16) NOT NULL,
  `TRIGGER_TYPE` varchar(8) NOT NULL,
  `START_TIME` bigint(13) NOT NULL,
  `END_TIME` bigint(13) DEFAULT NULL,
  `CALENDAR_NAME` varchar(200) DEFAULT NULL,
  `MISFIRE_INSTR` smallint(2) DEFAULT NULL,
  `JOB_DATA` blob,
  PRIMARY KEY (`SCHED_NAME`,`TRIGGER_NAME`,`TRIGGER_GROUP`),
  KEY `IDX_QRTZ_T_J` (`SCHED_NAME`,`JOB_NAME`,`JOB_GROUP`),
  KEY `IDX_QRTZ_T_JG` (`SCHED_NAME`,`JOB_GROUP`),
  KEY `IDX_QRTZ_T_C` (`SCHED_NAME`,`CALENDAR_NAME`),
  KEY `IDX_QRTZ_T_G` (`SCHED_NAME`,`TRIGGER_GROUP`),
  KEY `IDX_QRTZ_T_STATE` (`SCHED_NAME`,`TRIGGER_STATE`),
  KEY `IDX_QRTZ_T_N_STATE` (`SCHED_NAME`,`TRIGGER_NAME`,`TRIGGER_GROUP`,`TRIGGER_STATE`),
  KEY `IDX_QRTZ_T_N_G_STATE` (`SCHED_NAME`,`TRIGGER_GROUP`,`TRIGGER_STATE`),
  KEY `IDX_QRTZ_T_NEXT_FIRE_TIME` (`SCHED_NAME`,`NEXT_FIRE_TIME`),
  KEY `IDX_QRTZ_T_NFT_ST` (`SCHED_NAME`,`TRIGGER_STATE`,`NEXT_FIRE_TIME`),
  KEY `IDX_QRTZ_T_NFT_MISFIRE` (`SCHED_NAME`,`MISFIRE_INSTR`,`NEXT_FIRE_TIME`),
  KEY `IDX_QRTZ_T_NFT_ST_MISFIRE` (`SCHED_NAME`,`MISFIRE_INSTR`,`NEXT_FIRE_TIME`,`TRIGGER_STATE`),
  KEY `IDX_QRTZ_T_NFT_ST_MISFIRE_GRP` (`SCHED_NAME`,`MISFIRE_INSTR`,`NEXT_FIRE_TIME`,`TRIGGER_GROUP`,`TRIGGER_STATE`),
  CONSTRAINT `qrtz_triggers_ibfk_1` FOREIGN KEY (`SCHED_NAME`, `JOB_NAME`, `JOB_GROUP`) REFERENCES `qrtz_job_details` (`SCHED_NAME`, `JOB_NAME`, `JOB_GROUP`)
) ENGINE=InnoDB DEFAULT CHARSET=utf8;

/*Data for the table `qrtz_triggers` */

insert  into `qrtz_triggers`(`SCHED_NAME`,`TRIGGER_NAME`,`TRIGGER_GROUP`,`JOB_NAME`,`JOB_GROUP`,`DESCRIPTION`,`NEXT_FIRE_TIME`,`PREV_FIRE_TIME`,`PRIORITY`,`TRIGGER_STATE`,`TRIGGER_TYPE`,`START_TIME`,`END_TIME`,`CALENDAR_NAME`,`MISFIRE_INSTR`,`JOB_DATA`) values ('looyooScheduler','TASK_5','DEFAULT','TASK_5','DEFAULT',NULL,1531467000000,1531465200000,5,'WAITING','CRON',1522294808000,0,NULL,2,'¨Ì\0sr\0org.quartz.JobDataMapü∞ÉËø©∞À\0\0xr\0&org.quartz.utils.StringKeyDirtyFlagMapÇË√˚≈](\0Z\0allowsTransientDataxr\0org.quartz.utils.DirtyFlagMapÊ.≠(v\nŒ\0Z\0dirtyL\0mapt\0Ljava/util/Map;xpsr\0java.util.HashMap⁄¡√`—\0F\0\nloadFactorI\0	thresholdxp?@\0\0\0\0\0w\0\0\0\0\0\0t\0\rJOB_PARAM_KEYsr\0/io.looyoo.sys.schedule.entity.ScheduleJobEntity\0\0\0\0\0\0\0\0L\0beanNamet\0Ljava/lang/String;L\0\ncreateTimet\0Ljava/util/Date;L\0cronExpressionq\0~\0	L\0jobIdt\0Ljava/lang/Long;L\0\nmethodNameq\0~\0	L\0paramsq\0~\0	L\0remarkq\0~\0	L\0statust\0Ljava/lang/Integer;xr\0+com.baomidou.mybatisplus.activerecord.Model\0\0\0\0\0\0\0\0\0xpt\0testTasksr\0java.util.DatehjÅKYt\0\0xpw\0\0bo◊a®xt\00 0/30 * * * ?sr\0java.lang.Long;ã‰êÃè#ﬂ\0J\0valuexr\0java.lang.NumberÜ¨ïî‡ã\0\0xp\0\0\0\0\0\0\0t\0testt\0‰Ω†Â•ΩÂïä123333t\0	‰Ω†Â•ΩÂïäsr\0java.lang.Integer‚†§˜Åá8\0I\0valuexq\0~\0\0\0\0\0x\0');

/*Table structure for table `schedule_job` */

DROP TABLE IF EXISTS `schedule_job`;

CREATE TABLE `schedule_job` (
  `job_id` bigint(20) NOT NULL AUTO_INCREMENT COMMENT '‰ªªÂä°id',
  `bean_name` varchar(200) DEFAULT NULL COMMENT 'spring beanÂêçÁß∞',
  `method_name` varchar(100) DEFAULT NULL COMMENT 'ÊñπÊ≥ïÂêç',
  `params` varchar(2000) DEFAULT NULL COMMENT 'ÂèÇÊï∞',
  `cron_expression` varchar(100) DEFAULT NULL COMMENT 'cronË°®ËææÂºè',
  `status` tinyint(4) DEFAULT NULL COMMENT '‰ªªÂä°Áä∂ÊÄÅ',
  `remark` varchar(255) DEFAULT NULL COMMENT 'Â§áÊ≥®',
  `create_time` datetime DEFAULT NULL COMMENT 'ÂàõÂª∫Êó∂Èó¥',
  PRIMARY KEY (`job_id`)
) ENGINE=InnoDB AUTO_INCREMENT=6 DEFAULT CHARSET=utf8 COMMENT='ÂÆöÊó∂‰ªªÂä°';

/*Data for the table `schedule_job` */

insert  into `schedule_job`(`job_id`,`bean_name`,`method_name`,`params`,`cron_expression`,`status`,`remark`,`create_time`) values (5,'testTask','test','‰Ω†Â•ΩÂïä123333','0 0/30 * * * ?',0,'‰Ω†Â•ΩÂïä','2018-03-29 11:40:09');

/*Table structure for table `schedule_job_log` */

DROP TABLE IF EXISTS `schedule_job_log`;

CREATE TABLE `schedule_job_log` (
  `log_id` bigint(20) NOT NULL AUTO_INCREMENT COMMENT '‰ªªÂä°Êó•Âøóid',
  `job_id` bigint(20) NOT NULL COMMENT '‰ªªÂä°id',
  `bean_name` varchar(200) DEFAULT NULL COMMENT 'spring beanÂêçÁß∞',
  `method_name` varchar(100) DEFAULT NULL COMMENT 'ÊñπÊ≥ïÂêç',
  `params` varchar(2000) DEFAULT NULL COMMENT 'ÂèÇÊï∞',
  `status` tinyint(4) NOT NULL COMMENT '‰ªªÂä°Áä∂ÊÄÅ    0ÔºöÊàêÂäü    1ÔºöÂ§±Ë¥•',
  `error` varchar(2000) DEFAULT NULL COMMENT 'Â§±Ë¥•‰ø°ÊÅØ',
  `times` int(11) NOT NULL COMMENT 'ËÄóÊó∂(Âçï‰ΩçÔºöÊØ´Áßí)',
  `create_time` datetime DEFAULT NULL COMMENT 'ÂàõÂª∫Êó∂Èó¥',
  PRIMARY KEY (`log_id`),
  KEY `job_id` (`job_id`)
) ENGINE=InnoDB AUTO_INCREMENT=246 DEFAULT CHARSET=utf8 COMMENT='ÂÆöÊó∂‰ªªÂä°Êó•Âøó';

/*Data for the table `schedule_job_log` */

insert  into `schedule_job_log`(`log_id`,`job_id`,`bean_name`,`method_name`,`params`,`status`,`error`,`times`,`create_time`) values (224,5,'testTask','test','‰Ω†Â•ΩÂïä',0,NULL,1088,'2018-03-29 11:40:41'),(225,5,'testTask','test','‰Ω†Â•ΩÂïä',0,NULL,1418,'2018-03-29 17:00:00'),(226,5,'testTask','test','‰Ω†Â•ΩÂïä123333',0,NULL,1045,'2018-03-29 17:30:00'),(227,5,'testTask','test','‰Ω†Â•ΩÂïä123333',0,NULL,1008,'2018-03-29 18:00:00'),(228,5,'testTask','test','‰Ω†Â•ΩÂïä123333',0,NULL,1005,'2018-03-29 18:03:11'),(229,5,'testTask','test','‰Ω†Â•ΩÂïä123333',0,NULL,1002,'2018-03-29 18:03:38'),(230,5,'testTask','test','‰Ω†Â•ΩÂïä123333',0,NULL,1395,'2018-03-29 18:03:41'),(231,5,'testTask','test','‰Ω†Â•ΩÂïä123333',0,NULL,1003,'2018-03-29 18:03:44'),(232,5,'testTask','test','‰Ω†Â•ΩÂïä123333',0,NULL,1110,'2018-03-30 10:00:00'),(233,5,'testTask','test','‰Ω†Â•ΩÂïä123333',0,NULL,1058,'2018-04-02 09:30:00'),(234,5,'testTask','test','‰Ω†Â•ΩÂïä123333',0,NULL,1024,'2018-04-19 10:30:00'),(235,5,'testTask','test','‰Ω†Â•ΩÂïä123333',0,NULL,1010,'2018-04-19 11:00:00'),(236,5,'testTask','test','‰Ω†Â•ΩÂïä123333',0,NULL,1079,'2018-04-19 11:30:00'),(237,5,'testTask','test','‰Ω†Â•ΩÂïä123333',0,NULL,1046,'2018-04-19 15:00:00'),(238,5,'testTask','test','‰Ω†Â•ΩÂïä123333',0,NULL,1004,'2018-04-19 15:30:00'),(239,5,'testTask','test','‰Ω†Â•ΩÂïä123333',0,NULL,1163,'2018-07-13 12:00:00'),(240,5,'testTask','test','‰Ω†Â•ΩÂïä123333',0,NULL,1135,'2018-07-13 12:30:00'),(241,5,'testTask','test','‰Ω†Â•ΩÂïä123333',0,NULL,1050,'2018-07-13 13:00:00'),(242,5,'testTask','test','‰Ω†Â•ΩÂïä123333',0,NULL,1123,'2018-07-13 13:30:00'),(243,5,'testTask','test','‰Ω†Â•ΩÂïä123333',0,NULL,1125,'2018-07-13 14:00:00'),(244,5,'testTask','test','‰Ω†Â•ΩÂïä123333',0,NULL,1116,'2018-07-13 14:30:00'),(245,5,'testTask','test','‰Ω†Â•ΩÂïä123333',0,NULL,1045,'2018-07-13 15:00:00');

/*Table structure for table `sys_config` */

DROP TABLE IF EXISTS `sys_config`;

CREATE TABLE `sys_config` (
  `id` bigint(20) NOT NULL AUTO_INCREMENT,
  `key` varchar(50) DEFAULT NULL COMMENT 'key',
  `value` varchar(2000) DEFAULT NULL COMMENT 'value',
  `status` tinyint(4) DEFAULT '1' COMMENT 'Áä∂ÊÄÅ   0ÔºöÈöêËóè   1ÔºöÊòæÁ§∫',
  `remark` varchar(500) DEFAULT NULL COMMENT 'Â§áÊ≥®',
  PRIMARY KEY (`id`),
  UNIQUE KEY `key` (`key`)
) ENGINE=InnoDB AUTO_INCREMENT=4 DEFAULT CHARSET=utf8 COMMENT='Á≥ªÁªüÈÖçÁΩÆ‰ø°ÊÅØË°®';

/*Data for the table `sys_config` */

insert  into `sys_config`(`id`,`key`,`value`,`status`,`remark`) values (1,'CLOUD_STORAGE_CONFIG_KEY','{\"aliyunAccessKeyId\":\"\",\"aliyunAccessKeySecret\":\"\",\"aliyunBucketName\":\"\",\"aliyunDomain\":\"\",\"aliyunEndPoint\":\"\",\"aliyunPrefix\":\"\",\"qcloudBucketName\":\"\",\"qcloudDomain\":\"\",\"qcloudPrefix\":\"\",\"qcloudSecretId\":\"\",\"qcloudSecretKey\":\"\",\"qiniuAccessKey\":\"NrgMfABZxWLo5B-YYSjoE8-AZ1EISdi1Z3ubLOeZ\",\"qiniuBucketName\":\"ios-app\",\"qiniuDomain\":\"http://7xqbwh.dl1.z0.glb.clouddn.com\",\"qiniuPrefix\":\"upload\",\"qiniuSecretKey\":\"uIwJHevMRWU0VLxFvgy0tAcOdGqasdtVlJkdy6vV\",\"type\":1}',0,'‰∫ëÂ≠òÂÇ®ÈÖçÁΩÆ‰ø°ÊÅØ'),(2,'Áî∑','1',1,'Êó†'),(3,'Â•≥','2',1,'111');

/*Table structure for table `sys_log` */

DROP TABLE IF EXISTS `sys_log`;

CREATE TABLE `sys_log` (
  `id` bigint(20) NOT NULL AUTO_INCREMENT,
  `username` varchar(50) DEFAULT NULL COMMENT 'Áî®Êà∑Âêç',
  `operation` varchar(50) DEFAULT NULL COMMENT 'Áî®Êà∑Êìç‰Ωú',
  `method` varchar(200) DEFAULT NULL COMMENT 'ËØ∑Ê±ÇÊñπÊ≥ï',
  `params` varchar(5000) DEFAULT NULL COMMENT 'ËØ∑Ê±ÇÂèÇÊï∞',
  `ip` varchar(64) DEFAULT NULL COMMENT 'IPÂú∞ÂùÄ',
  `create_date` datetime DEFAULT NULL COMMENT 'ÂàõÂª∫Êó∂Èó¥',
  PRIMARY KEY (`id`)
) ENGINE=InnoDB DEFAULT CHARSET=utf8 COMMENT='Á≥ªÁªüÊó•Âøó';

/*Data for the table `sys_log` */

/*Table structure for table `sys_menu` */

DROP TABLE IF EXISTS `sys_menu`;

CREATE TABLE `sys_menu` (
  `menu_id` bigint(20) NOT NULL AUTO_INCREMENT,
  `parent_id` bigint(20) DEFAULT NULL COMMENT 'Áà∂ËèúÂçïIDÔºå‰∏ÄÁ∫ßËèúÂçï‰∏∫0',
  `name` varchar(50) DEFAULT NULL COMMENT 'ËèúÂçïÂêçÁß∞',
  `url` varchar(200) DEFAULT NULL COMMENT 'ËèúÂçïURL',
  `perms` varchar(500) DEFAULT NULL COMMENT 'ÊéàÊùÉ(Â§ö‰∏™Áî®ÈÄóÂè∑ÂàÜÈöîÔºåÂ¶ÇÔºöuser:list,user:create)',
  `type` int(11) DEFAULT NULL COMMENT 'Á±ªÂûã   0ÔºöÁõÆÂΩï   1ÔºöËèúÂçï   2ÔºöÊåâÈíÆ',
  `icon` varchar(50) DEFAULT NULL COMMENT 'ËèúÂçïÂõæÊ†á',
  `order_num` int(11) DEFAULT NULL COMMENT 'ÊéíÂ∫è',
  PRIMARY KEY (`menu_id`)
) ENGINE=InnoDB AUTO_INCREMENT=33 DEFAULT CHARSET=utf8 COMMENT='ËèúÂçïÁÆ°ÁêÜ';

/*Data for the table `sys_menu` */

insert  into `sys_menu`(`menu_id`,`parent_id`,`name`,`url`,`perms`,`type`,`icon`,`order_num`) values (1,0,'Á≥ªÁªüÁÆ°ÁêÜ',NULL,NULL,0,'fa fa-cog',0),(2,1,'ÁÆ°ÁêÜÂëòÂàóË°®','sys/user/user.html',NULL,1,'fa fa-user',1),(3,1,'ËßíËâ≤ÁÆ°ÁêÜ','sys/role/role.html',NULL,1,'fa fa-user-secret',2),(4,1,'ËèúÂçïÁÆ°ÁêÜ','sys/menu/menu.html',NULL,1,'fa fa-th-list',3),(5,1,'SQLÁõëÊéß','druid/sql.html',NULL,1,'fa fa-bug',4),(6,1,'ÂÆöÊó∂‰ªªÂä°','sys/schedule/schedule.html',NULL,1,'fa fa-tasks',5),(7,6,'Êü•Áúã',NULL,'sys:schedule:list,sys:schedule:info',2,NULL,0),(8,6,'Êñ∞Â¢û',NULL,'sys:schedule:save',2,NULL,0),(9,6,'‰øÆÊîπ',NULL,'sys:schedule:update',2,NULL,0),(10,6,'Âà†Èô§',NULL,'sys:schedule:delete',2,NULL,0),(11,6,'ÊöÇÂÅú',NULL,'sys:schedule:pause',2,NULL,0),(12,6,'ÊÅ¢Â§ç',NULL,'sys:schedule:resume',2,NULL,0),(13,6,'Á´ãÂç≥ÊâßË°å',NULL,'sys:schedule:run',2,NULL,0),(14,6,'Êó•ÂøóÂàóË°®',NULL,'sys:schedule:log',2,NULL,0),(15,2,'Êü•Áúã',NULL,'sys:user:list,sys:user:info',2,NULL,0),(16,2,'Êñ∞Â¢û',NULL,'sys:user:save,sys:role:select',2,NULL,0),(17,2,'‰øÆÊîπ',NULL,'sys:user:update,sys:role:select',2,NULL,0),(18,2,'Âà†Èô§',NULL,'sys:user:delete',2,NULL,0),(19,3,'Êü•Áúã',NULL,'sys:role:list,sys:role:info',2,NULL,0),(20,3,'Êñ∞Â¢û',NULL,'sys:role:save,sys:menu:perms',2,NULL,0),(21,3,'‰øÆÊîπ',NULL,'sys:role:update,sys:menu:perms',2,NULL,0),(22,3,'Âà†Èô§',NULL,'sys:role:delete',2,NULL,0),(23,4,'Êü•Áúã',NULL,'sys:menu:list,sys:menu:info',2,NULL,0),(24,4,'Êñ∞Â¢û',NULL,'sys:menu:save,sys:menu:select',2,NULL,0),(25,4,'‰øÆÊîπ',NULL,'sys:menu:update,sys:menu:select',2,NULL,0),(26,4,'Âà†Èô§',NULL,'sys:menu:delete',2,NULL,0),(27,1,'ÂèÇÊï∞ÁÆ°ÁêÜ','sys/config/config.html','sys:config:list,sys:config:info,sys:config:save,sys:config:update,sys:config:delete',1,'fa fa-sun-o',6),(28,1,'‰ª£Á†ÅÁîüÊàêÂô®','sys/generator/generator.html','sys:generator:list,sys:generator:code',1,'fa fa-rocket',8),(29,1,'Á≥ªÁªüÊó•Âøó','sys/log/log.html','sys:log:list',1,'fa fa-file-text-o',7),(30,1,'Êñá‰ª∂‰∏ä‰º†','sys/oss/oss.html','sys:oss:all',1,'fa fa-file-image-o',6),(32,0,'‰∏ìÈ¢òÂàÜÊûê',NULL,NULL,0,'fa fa-th-list',0);

/*Table structure for table `sys_oss` */

DROP TABLE IF EXISTS `sys_oss`;

CREATE TABLE `sys_oss` (
  `id` bigint(20) NOT NULL AUTO_INCREMENT,
  `url` varchar(200) DEFAULT NULL COMMENT 'URLÂú∞ÂùÄ',
  `create_date` datetime DEFAULT NULL COMMENT 'ÂàõÂª∫Êó∂Èó¥',
  PRIMARY KEY (`id`)
) ENGINE=InnoDB AUTO_INCREMENT=2 DEFAULT CHARSET=utf8 COMMENT='Êñá‰ª∂‰∏ä‰º†';

/*Data for the table `sys_oss` */

insert  into `sys_oss`(`id`,`url`,`create_date`) values (1,'http://7xqbwh.dl1.z0.glb.clouddn.com/upload/20170606/fb330f4f460c4a06a5a911f343db437f','2017-06-06 14:59:43');

/*Table structure for table `sys_role` */

DROP TABLE IF EXISTS `sys_role`;

CREATE TABLE `sys_role` (
  `role_id` bigint(20) NOT NULL AUTO_INCREMENT,
  `role_name` varchar(100) DEFAULT NULL COMMENT 'ËßíËâ≤ÂêçÁß∞',
  `remark` varchar(100) DEFAULT NULL COMMENT 'Â§áÊ≥®',
  `create_user_id` bigint(20) DEFAULT NULL COMMENT 'ÂàõÂª∫ËÄÖID',
  `create_time` datetime DEFAULT NULL COMMENT 'ÂàõÂª∫Êó∂Èó¥',
  PRIMARY KEY (`role_id`)
) ENGINE=InnoDB AUTO_INCREMENT=14 DEFAULT CHARSET=utf8 COMMENT='ËßíËâ≤';

/*Data for the table `sys_role` */

insert  into `sys_role`(`role_id`,`role_name`,`remark`,`create_user_id`,`create_time`) values (1,'super','Ë∂ÖÁ∫ßÁÆ°ÁêÜÂëò',1,'2017-06-06 18:04:48'),(2,'common','common',1,'2017-06-06 18:37:29'),(11,'dzzx','dzzx33344',1,'2017-06-07 08:49:17'),(13,'haAdmin2','haAdmin7',1,'2018-03-19 09:15:23');

/*Table structure for table `sys_role_menu` */

DROP TABLE IF EXISTS `sys_role_menu`;

CREATE TABLE `sys_role_menu` (
  `id` bigint(20) NOT NULL AUTO_INCREMENT,
  `role_id` bigint(20) DEFAULT NULL COMMENT 'ËßíËâ≤ID',
  `menu_id` bigint(20) DEFAULT NULL COMMENT 'ËèúÂçïID',
  PRIMARY KEY (`id`)
) ENGINE=InnoDB AUTO_INCREMENT=919 DEFAULT CHARSET=utf8 COMMENT='ËßíËâ≤‰∏éËèúÂçïÂØπÂ∫îÂÖ≥Á≥ª';

/*Data for the table `sys_role_menu` */

insert  into `sys_role_menu`(`id`,`role_id`,`menu_id`) values (151,2,1),(152,2,2),(153,2,15),(154,2,16),(155,2,17),(156,2,18),(335,11,1),(336,11,2),(337,11,15),(338,11,16),(339,11,17),(340,11,18),(341,11,3),(342,11,19),(343,11,20),(344,11,21),(345,11,22),(346,11,4),(347,11,23),(348,11,24),(349,11,25),(350,11,26),(351,11,5),(352,11,6),(353,11,7),(354,11,8),(355,11,9),(356,11,10),(357,11,11),(358,11,12),(359,11,13),(360,11,14),(361,11,27),(362,11,28),(363,11,29),(364,11,30),(860,13,1),(861,13,2),(862,13,15),(863,13,16),(864,13,17),(865,13,18),(866,13,3),(867,13,19),(868,13,20),(869,13,21),(870,13,22),(871,13,4),(872,13,23),(873,13,24),(874,13,25),(875,13,26),(876,13,5),(877,13,6),(878,13,7),(879,13,8),(880,13,9),(881,13,10),(882,13,11),(883,13,12),(884,13,13),(885,13,14),(886,13,27),(887,13,28),(888,13,29),(889,13,30),(890,1,1),(891,1,2),(892,1,15),(893,1,16),(894,1,17),(895,1,18),(896,1,3),(897,1,19),(898,1,20),(899,1,21),(900,1,22),(901,1,4),(902,1,24),(903,1,25),(904,1,26),(905,1,5),(906,1,6),(907,1,7),(908,1,8),(909,1,9),(910,1,10),(911,1,11),(912,1,12),(913,1,13),(914,1,14),(915,1,27),(916,1,28),(917,1,29),(918,1,30);

/*Table structure for table `sys_user` */

DROP TABLE IF EXISTS `sys_user`;

CREATE TABLE `sys_user` (
  `user_id` bigint(20) NOT NULL AUTO_INCREMENT,
  `username` varchar(50) NOT NULL COMMENT 'Áî®Êà∑Âêç',
  `password` varchar(100) DEFAULT NULL COMMENT 'ÂØÜÁ†Å',
  `email` varchar(100) DEFAULT NULL COMMENT 'ÈÇÆÁÆ±',
  `mobile` varchar(100) DEFAULT NULL COMMENT 'ÊâãÊú∫Âè∑',
  `status` tinyint(4) DEFAULT NULL COMMENT 'Áä∂ÊÄÅ  0ÔºöÁ¶ÅÁî®   1ÔºöÊ≠£Â∏∏',
  `create_user_id` bigint(20) DEFAULT NULL COMMENT 'ÂàõÂª∫ËÄÖID',
  `create_time` datetime DEFAULT NULL COMMENT 'ÂàõÂª∫Êó∂Èó¥',
  PRIMARY KEY (`user_id`),
  UNIQUE KEY `username` (`username`)
) ENGINE=InnoDB AUTO_INCREMENT=7 DEFAULT CHARSET=utf8 COMMENT='Á≥ªÁªüÁî®Êà∑';

/*Data for the table `sys_user` */

insert  into `sys_user`(`user_id`,`username`,`password`,`email`,`mobile`,`status`,`create_user_id`,`create_time`) values (1,'admin','bcb15f821479b4d5772bd0ca866c00ad5f926e3580720659cc80d39c9d09802a','root@renren.io','13612345678',1,1,'2016-11-11 11:11:11'),(4,'dzzx','bcb15f821479b4d5772bd0ca866c00ad5f926e3580720659cc80d39c9d09802a','111@163.com','22233322',1,1,'2018-03-12 15:21:31'),(5,'hnadmin','bcb15f821479b4d5772bd0ca866c00ad5f926e3580720659cc80d39c9d09802a','hnadmin@163.com','1231231231231233',1,1,'2018-03-19 09:13:02'),(6,'11111116311','785f3ec7eb32f30b90cd0fcf3657d388b5ff4297f2f9716ff66e9b69c05ddd09','111111@12.com','111111111',1,1,'2018-03-28 10:48:11');

/*Table structure for table `sys_user_role` */

DROP TABLE IF EXISTS `sys_user_role`;

CREATE TABLE `sys_user_role` (
  `id` bigint(20) NOT NULL AUTO_INCREMENT,
  `user_id` bigint(20) DEFAULT NULL COMMENT 'Áî®Êà∑ID',
  `role_id` bigint(20) DEFAULT NULL COMMENT 'ËßíËâ≤ID',
  PRIMARY KEY (`id`)
) ENGINE=InnoDB AUTO_INCREMENT=78 DEFAULT CHARSET=utf8 COMMENT='Áî®Êà∑‰∏éËßíËâ≤ÂØπÂ∫îÂÖ≥Á≥ª';

/*Data for the table `sys_user_role` */

insert  into `sys_user_role`(`id`,`user_id`,`role_id`) values (10,4,11),(77,6,1);

/*Table structure for table `tb_token` */

DROP TABLE IF EXISTS `tb_token`;

CREATE TABLE `tb_token` (
  `user_id` bigint(20) NOT NULL,
  `token` varchar(100) NOT NULL COMMENT 'token',
  `expire_time` datetime DEFAULT NULL COMMENT 'ËøáÊúüÊó∂Èó¥',
  `update_time` datetime DEFAULT NULL COMMENT 'Êõ¥Êñ∞Êó∂Èó¥',
  PRIMARY KEY (`user_id`),
  UNIQUE KEY `token` (`token`)
) ENGINE=InnoDB DEFAULT CHARSET=utf8 COMMENT='Áî®Êà∑Token';

/*Data for the table `tb_token` */

/*Table structure for table `tb_user` */

DROP TABLE IF EXISTS `tb_user`;

CREATE TABLE `tb_user` (
  `user_id` bigint(20) NOT NULL AUTO_INCREMENT,
  `username` varchar(50) NOT NULL COMMENT 'Áî®Êà∑Âêç',
  `mobile` varchar(20) NOT NULL COMMENT 'ÊâãÊú∫Âè∑',
  `password` varchar(64) DEFAULT NULL COMMENT 'ÂØÜÁ†Å',
  `create_time` datetime DEFAULT NULL COMMENT 'ÂàõÂª∫Êó∂Èó¥',
  PRIMARY KEY (`user_id`),
  UNIQUE KEY `username` (`username`)
) ENGINE=InnoDB AUTO_INCREMENT=2 DEFAULT CHARSET=utf8 COMMENT='Áî®Êà∑';

/*Data for the table `tb_user` */

insert  into `tb_user`(`user_id`,`username`,`mobile`,`password`,`create_time`) values (1,'mark','13612345678','8c6976e5b5410415bde908bd4dee15dfb167a9c873fc4bb8a81f6f2ab448a918','2017-03-23 22:37:41');

/*!40101 SET SQL_MODE=@OLD_SQL_MODE */;
/*!40014 SET FOREIGN_KEY_CHECKS=@OLD_FOREIGN_KEY_CHECKS */;
/*!40014 SET UNIQUE_CHECKS=@OLD_UNIQUE_CHECKS */;
/*!40111 SET SQL_NOTES=@OLD_SQL_NOTES */;
